edrpou,phones_clean
38713490,+38 (0342) 54-23-61; +38 (091) 513-15-11
39232384,
37519304,+38 (044) 479-99-50; +38 (048) 704-95-93; +38 (048) 795-78-38; +38 (067) 483-04-29; +38 (098) 043-37-50
44184542,+38 (096) 498-64-05
21610949,+38 (044) 409-04-99
31421830,+38 (091) 000-08-91; +38 (094) 226-97-91
44860042,+38 (098) 460-53-33; +38 (048) 222-05-09
40940223,+38 (096) 688-87-58; +38 (094) 022-25-02
36182137,+38 (098) 777-71-01
40886910,+38 (095) 555-00-19
43042185,+38 (098) 298-80-88; +38 (042) 182-65-05
42314990,+38 (098) 107-94-22
39251192,+38 (092) 719-75-91; +38 (094) 190-91-99
31776232,+38 (067) 465-55-23
21544678,+38 (044) 364-73-04; +38 (044) 538-15-11
45441615,+38 (067) 276-45-53
40710373,+38 (056) 790-19-07; +38 (098) 057-01-90; +38 (098) 400-05-90; +38 (099) 935-04-90
